{
  "bge-m3": {
    "Recall@1": 0.5888689407540395,
    "Recall@3": 0.8384201077199281,
    "Recall@5": 0.9138240574506283,
    "Recall@10": 0.9694793536804309,
    "MRR": 0.723890028782308,
    "AnswerRecall@5": 0.8276481149012568,
    "AnswerRecall@5_tail": 1.0,
    "per_type_mrr": {
      "fact": 0.6784107032012062,
      "file_download": 0.8308823529411765,
      "link_guide": 0.518050193050193,
      "table_lookup": 0.8338690476190477,
      "faq": 0.9282051282051282
    }
  },
  "bge-m3-ko": {
    "Recall@1": 0.6409335727109515,
    "Recall@3": 0.8833034111310593,
    "Recall@5": 0.9515260323159784,
    "Recall@10": 0.9766606822262118,
    "MRR": 0.7700507252571879,
    "AnswerRecall@5": 0.8797127468581688,
    "AnswerRecall@5_tail": 1.0,
    "per_type_mrr": {
      "fact": 0.7288152877538355,
      "file_download": 1.0,
      "link_guide": 0.5921492921492921,
      "table_lookup": 0.8931250000000002,
      "faq": 0.8868131868131868
    }
  },
  "qwen3-embedding-8b": {
    "Recall@1": 0.6391382405745063,
    "Recall@3": 0.874326750448833,
    "Recall@5": 0.9353680430879713,
    "Recall@10": 0.9802513464991023,
    "MRR": 0.7650209455415913,
    "AnswerRecall@5": 0.8797127468581688,
    "AnswerRecall@5_tail": 1.0,
    "per_type_mrr": {
      "fact": 0.7391538086370492,
      "file_download": 0.9183006535947712,
      "link_guide": 0.5062205062205062,
      "table_lookup": 0.8493750000000002,
      "faq": 0.9108974358974359
    }
  },
  "nemotron-3-embed-8b": {
    "Recall@1": 0.7522441651705566,
    "Recall@3": 0.9299820466786356,
    "Recall@5": 0.9694793536804309,
    "Recall@10": 0.9874326750448833,
    "MRR": 0.8458728733863379,
    "AnswerRecall@5": 0.9138240574506283,
    "AnswerRecall@5_tail": 1.0,
    "per_type_mrr": {
      "fact": 0.8274241819632882,
      "file_download": 1.0,
      "link_guide": 0.6346846846846848,
      "table_lookup": 0.921875,
      "faq": 0.9338461538461539
    }
  }
}
